abn,legal_name,domain,email,found_url,method
11000002568,TOOHEYS PTY LIMITED,tooheys.com.au,piadatarequests@lionco.com,https://tooheys.com.au,verify_on_site
11000002568,TOOHEYS PTY LIMITED,tooheys.com.au,piadatarequests@lionco.com,https://tooheys.com.au,verify_on_site
11000002568,TOOHEYS PTY LIMITED,tooheys.com.au,piadatarequests@lionco.com,https://tooheys.com.au,verify_on_site
11000002568,TOOHEYS PTY LIMITED,tooheys.com.au,piadatarequests@lionco.com,https://tooheys.com.au,verify_on_site
11000002568,TOOHEYS PTY LIMITED,tooheys.com.au,piadatarequests@lionco.com,https://tooheys.com.au,verify_on_site
11000002568,TOOHEYS PTY LIMITED,tooheys.com.au,piadatarequests@lionco.com,https://tooheys.com.au,verify_on_site
11000002568,TOOHEYS PTY LIMITED,tooheys.com.au,piadatarequests@lionco.com,https://tooheys.com.au,verify_on_site
11000002568,TOOHEYS PTY LIMITED,tooheys.com.au,piadatarequests@lionco.com,https://tooheys.com.au,verify_on_site
11000003314,NEWCASTLE GOLF CLUB LTD,newcastlegolfclub.com.au,office@newcastlegolf.com.au,https://newcastlegolfclub.com.au,verify_on_site
11000003314,NEWCASTLE GOLF CLUB LTD,newcastlegolfclub.com.au,office@newcastlegolf.com.au,https://newcastlegolfclub.com.au,verify_on_site
11000003314,NEWCASTLE GOLF CLUB LTD,newcastlegolfclub.com.au,office@newcastlegolf.com.au,https://newcastlegolfclub.com.au,verify_on_site
11000003314,NEWCASTLE GOLF CLUB LTD,newcastlegolfclub.com.au,office@newcastlegolf.com.au,https://newcastlegolfclub.com.au,verify_on_site
11000003314,NEWCASTLE GOLF CLUB LTD,newcastlegolfclub.com.au,office@newcastlegolf.com.au,https://newcastlegolfclub.com.au,verify_on_site
11000003314,NEWCASTLE GOLF CLUB LTD,newcastlegolfclub.com.au,office@newcastlegolf.com.au,https://newcastlegolfclub.com.au,verify_on_site
11000003314,NEWCASTLE GOLF CLUB LTD,newcastlegolfclub.com.au,office@newcastlegolf.com.au,https://newcastlegolfclub.com.au,verify_on_site
11000003314,NEWCASTLE GOLF CLUB LTD,newcastlegolfclub.com.au,office@newcastlegolf.com.au,https://newcastlegolfclub.com.au,verify_on_site
11000003378,BBC HARDWARE LIMITED,bbchardware.com,info@bbchardware.com,https://bbchardware.com,verify_on_site
11000003378,BBC HARDWARE LIMITED,bbchardware.com,info@bbchardware.com,https://bbchardware.com,verify_on_site
11000003378,BBC HARDWARE LIMITED,bbchardware.com,info@bbchardware.com,https://bbchardware.com,verify_on_site
11000003378,BBC HARDWARE LIMITED,bbchardware.com,info@bbchardware.com,https://bbchardware.com,verify_on_site
11000003378,BBC HARDWARE LIMITED,bbchardware.com,info@bbchardware.com,https://bbchardware.com,verify_on_site
11000003378,BBC HARDWARE LIMITED,bbchardware.com,info@bbchardware.com,https://bbchardware.com,verify_on_site
11000003378,BBC HARDWARE LIMITED,bbchardware.com,info@bbchardware.com,https://bbchardware.com,verify_on_site
11000003378,BBC HARDWARE LIMITED,bbchardware.com,info@bbchardware.com,https://bbchardware.com,verify_on_site
